1, https://www.presidency.ucsb.edu/documents/remarks-following-the-iowa-caucuses-3
2, https://www.presidency.ucsb.edu/documents/remarks-following-the-iowa-caucuses-5
3, https://www.presidency.ucsb.edu/documents/remarks-following-the-iowa-caucuses-6
4, https://www.presidency.ucsb.edu/documents/remarks-following-the-iowa-caucuses-2
5, https://www.presidency.ucsb.edu/documents/remarks-the-new-hampshire-democratic-party-100-club-dinner-milford
6, https://www.presidency.ucsb.edu/documents/interview-with-bob-schieffer-cbs-news-face-the-nation-5
7, https://www.presidency.ucsb.edu/documents/remarks-following-the-new-hampshire-primary-1
8, https://www.presidency.ucsb.edu/documents/remarks-following-the-new-hampshire-primary-3
9, https://www.presidency.ucsb.edu/documents/remarks-following-the-new-hampshire-primary-0
10, https://www.presidency.ucsb.edu/documents/remarks-following-the-new-hampshire-primary-2
11, https://www.presidency.ucsb.edu/documents/remarks-economic-stimulus-plan
12, https://www.presidency.ucsb.edu/documents/remarks-the-americans-for-prosperity-michigan-summit-livonia-michigan
13, https://www.presidency.ucsb.edu/documents/interview-with-bob-schieffer-cbs-news-face-the-nation-9
14, https://www.presidency.ucsb.edu/documents/interview-with-tim-russert-nbc-news-meet-the-press-6
15, https://www.presidency.ucsb.edu/documents/address-the-detroit-economic-club
16, https://www.presidency.ucsb.edu/documents/remarks-seiu-32bj-event-honoring-the-legacy-martin-luther-king-jr-new-york-city
17, https://www.presidency.ucsb.edu/documents/remarks-following-the-michigan-primary-1
18, https://www.presidency.ucsb.edu/documents/remarks-following-the-michigan-primary-0
19, https://www.presidency.ucsb.edu/documents/remarks-south-carolina-primary-victory
20, https://www.presidency.ucsb.edu/documents/remarks-following-the-nevada-caucuses
21, https://www.presidency.ucsb.edu/documents/remarks-following-the-nevada-caucuses-0
22, https://www.presidency.ucsb.edu/documents/remarks-atlanta-the-great-need-the-hour
23, https://www.presidency.ucsb.edu/documents/excerpts-remarks-the-media-coral-springs-florida
24, https://www.presidency.ucsb.edu/documents/remarks-reporters-the-global-economic-crisis
25, https://www.presidency.ucsb.edu/documents/remarks-the-economy-greenville-south-carolina
26, https://www.presidency.ucsb.edu/documents/remarks-solutions-for-the-american-economy
27, https://www.presidency.ucsb.edu/documents/remarks-following-the-south-carolina-primary-2
28, https://www.presidency.ucsb.edu/documents/remarks-following-the-south-carolina-primary-0
29, https://www.presidency.ucsb.edu/documents/interview-with-bob-schieffer-cbs-news-face-the-nation-7
30, https://www.presidency.ucsb.edu/documents/interview-with-george-stephanopoulos-abc-news-0
31, https://www.presidency.ucsb.edu/documents/remarks-the-media-west-palm-beach-florida
32, https://www.presidency.ucsb.edu/documents/remarks-before-the-state-the-union-hartford-connecticut
33, https://www.presidency.ucsb.edu/documents/remarks-accepting-the-endorsement-senator-edward-kennedy-and-caroline-kennedy-washington
34, https://www.presidency.ucsb.edu/documents/remarks-washington-dc-response-the-state-the-union-address
35, https://www.presidency.ucsb.edu/documents/remarks-following-the-florida-primary
36, https://www.presidency.ucsb.edu/documents/remarks-following-the-florida-primary-0
37, https://www.presidency.ucsb.edu/documents/remarks-following-the-florida-primary-3
38, https://www.presidency.ucsb.edu/documents/remarks-el-dorado-kansas-reclaiming-the-american-dream
39, https://www.presidency.ucsb.edu/documents/remarks-denver-the-past-versus-the-future
40, https://www.presidency.ucsb.edu/documents/remarks-baptist-convention-atlanta
41, https://www.presidency.ucsb.edu/documents/interview-with-david-muir-abc-news
42, https://www.presidency.ucsb.edu/documents/interview-with-george-stephanopoulos-abc-news-this-week-3
43, https://www.presidency.ucsb.edu/documents/interview-with-george-stephanopoulos-abc-news-this-week-6
44, https://www.presidency.ucsb.edu/documents/remarks-the-democratic-national-committees-winter-meeting
45, https://www.presidency.ucsb.edu/documents/remarks-following-the-super-tuesday-primaries-and-caucuses-0
46, https://www.presidency.ucsb.edu/documents/remarks-following-the-super-tuesday-primaries-and-caucuses-2
47, https://www.presidency.ucsb.edu/documents/remarks-following-the-super-tuesday-primaries-and-caucuses
48, https://www.presidency.ucsb.edu/documents/remarks-following-the-super-tuesday-primaries-and-caucuses-3
49, https://www.presidency.ucsb.edu/documents/remarks-the-conservative-political-action-conference-5
50, https://www.presidency.ucsb.edu/documents/remarks-the-conservative-political-action-conference-announcing-the-end-presidential
51, https://www.presidency.ucsb.edu/documents/remarks-new-orleans
52, https://www.presidency.ucsb.edu/documents/remarks-the-virginia-jefferson-jackson-dinner-0
53, https://www.presidency.ucsb.edu/documents/remarks-the-virginia-jefferson-jackson-dinner
54, https://www.presidency.ucsb.edu/documents/remarks-following-the-maryland-virginia-and-district-columbia-primaries-1
55, https://www.presidency.ucsb.edu/documents/remarks-following-the-maryland-virginia-and-district-columbia-primaries-0
56, https://www.presidency.ucsb.edu/documents/remarks-following-the-maryland-virginia-and-district-columbia-primaries